Period,n,mean_clo,sd_clo,mean_rel,sd_rel
2021-2022,503,147.89844931570246,15.503670430562035,1.0243077645979435,0.011348324357130233
