n,mean_clo,sd_clo,mean_rel,sd_rel
4777,67.88184678162744,73.63693174020975,1.0226506275053218,0.015931065863815548
