,aapl,lly
aapl,1.0,0.9214735305289531
lly,0.9214735305289531,1.0
