n,mean_clo,sd_clo,mean_rel,sd_rel
4777,188.4430500203804,243.20659943210086,1.0203954625526839,0.012877654350960206
